Player,Base_Price,Player_Type,Cost_Cr,Cost_USD_000,Squad_2022,Team,Auction_Status
Shivam Mavi,4000000,BOWLER,6.0,720.0,KKR,Gujarat Titans,Sold
Joshua Little,5000000,BOWLER,4.4,528.0,,Gujarat Titans,Sold
Kane Williamson,20000000,BATSMAN,2.0,240.0,SRH,Gujarat Titans,Sold
K.S. Bharat,2000000,WICKETKEEPER,1.2,144.0,DC,Gujarat Titans,Sold
Mohit Sharma,5000000,BOWLER,0.5,60.0,,Gujarat Titans,Sold
Odean Smith,5000000,ALL-ROUNDER,0.5,60.0,PBKS,Gujarat Titans,Sold
Urvil Patel,2000000,WICKETKEEPER,0.2,24.0,,Gujarat Titans,Sold
Rahul Tewatia,Retained,ALL-ROUNDER,0.0,0.0,GT,Gujarat Titans,Sold
Pradeep Sangwan,Retained,ALL-ROUNDER,0.0,0.0,GT,Gujarat Titans,Sold
Rashid Khan,Retained,BOWLER,0.0,0.0,GT,Gujarat Titans,Sold
R. Sai Kishore,Retained,BOWLER,0.0,0.0,GT,Gujarat Titans,Sold
Yash Dayal,Retained,BOWLER,0.0,0.0,GT,Gujarat Titans,Sold
Noor Ahmad,Retained,BOWLER,0.0,0.0,GT,Gujarat Titans,Sold
Wriddhiman Saha,Retained,WICKETKEEPER,0.0,0.0,GT,Gujarat Titans,Sold
Vijay Shankar,Retained,ALL-ROUNDER,0.0,0.0,GT,Gujarat Titans,Sold
Shubman Gill,Retained,BATSMAN,0.0,0.0,GT,Gujarat Titans,Sold
Hardik Pandya,Retained,ALL-ROUNDER,0.0,0.0,GT,Gujarat Titans,Sold
B. Sai Sudharsan,Retained,ALL-ROUNDER,0.0,0.0,GT,Gujarat Titans,Sold
Alzarri Joseph,Retained,BOWLER,0.0,0.0,GT,Gujarat Titans,Sold
Abhinav Sadarangani,Retained,BATSMAN,0.0,0.0,GT,Gujarat Titans,Sold
Darshan Nalkande,Retained,ALL-ROUNDER,0.0,0.0,GT,Gujarat Titans,Sold
David Miller,Retained,BATSMAN,0.0,0.0,GT,Gujarat Titans,Sold
Matthew Wade,Retained,WICKETKEEPER,0.0,0.0,GT,Gujarat Titans,Sold
Jayant Yadav,Retained,ALL-ROUNDER,0.0,0.0,GT,Gujarat Titans,Sold
Mohammad Shami,Retained,BOWLER,0.0,0.0,GT,Gujarat Titans,Sold
Ben Stokes,20000000,ALL-ROUNDER,16.25,1950.0,,Chennai Super Kings,Sold
Kyle Jamieson,10000000,BOWLER,1.0,120.0,,Chennai Super Kings,Sold
Nishant Sindhu,2000000,ALL-ROUNDER,0.6,72.0,,Chennai Super Kings,Sold
Ajinkya Rahane,5000000,BATSMAN,0.5,60.0,KKR,Chennai Super Kings,Sold
Bhagath Varma,2000000,ALL-ROUNDER,0.2,24.0,CSK,Chennai Super Kings,Sold
Ajay Mandal,2000000,ALL-ROUNDER,0.2,24.0,,Chennai Super Kings,Sold
Shaik Rasheed,2000000,BATSMAN,0.2,24.0,,Chennai Super Kings,Sold
Ravindra Jadeja,Retained,ALL-ROUNDER,0.0,0.0,CSK,Chennai Super Kings,Sold
Rajvardhan Hangargekar,Retained,ALL-ROUNDER,0.0,0.0,CSK,Chennai Super Kings,Sold
Prashant Solanki,Retained,BOWLER,0.0,0.0,CSK,Chennai Super Kings,Sold
Ruturaj Gaikwad,Retained,BATSMAN,0.0,0.0,CSK,Chennai Super Kings,Sold
Tushar Deshpande,Retained,BOWLER,0.0,0.0,CSK,Chennai Super Kings,Sold
Mukesh Choudhary,Retained,BOWLER,0.0,0.0,CSK,Chennai Super Kings,Sold
Subhranshu Senapati,Retained,BATSMAN,0.0,0.0,CSK,Chennai Super Kings,Sold
Simarjeet Singh,Retained,BOWLER,0.0,0.0,CSK,Chennai Super Kings,Sold
Shivam Dube,Retained,ALL-ROUNDER,0.0,0.0,CSK,Chennai Super Kings,Sold
Matheesha Pathirana,Retained,BOWLER,0.0,0.0,CSK,Chennai Super Kings,Sold
Devon Conway,Retained,BATSMAN,0.0,0.0,CSK,Chennai Super Kings,Sold
Deepak Chahar,Retained,BOWLER,0.0,0.0,CSK,Chennai Super Kings,Sold
Ambati Rayudu,Retained,BATSMAN,0.0,0.0,CSK,Chennai Super Kings,Sold
Dwaine Pretorius,Retained,ALL-ROUNDER,0.0,0.0,CSK,Chennai Super Kings,Sold
Maheesh Theekshana,Retained,BOWLER,0.0,0.0,CSK,Chennai Super Kings,Sold
Moeen Ali,Retained,ALL-ROUNDER,0.0,0.0,CSK,Chennai Super Kings,Sold
Mitchell Santner,Retained,ALL-ROUNDER,0.0,0.0,CSK,Chennai Super Kings,Sold
MS Dhoni,Retained,WICKETKEEPER,0.0,0.0,CSK,Chennai Super Kings,Sold
Mukesh Kumar,2000000,BOWLER,5.5,660.0,,Delhi Capitals,Sold
Rilee Rossouw,20000000,BATSMAN,4.6,552.0,,Delhi Capitals,Sold
Manish Pandey,10000000,BATSMAN,2.4,288.0,LSG,Delhi Capitals,Sold
Phil Salt,20000000,WICKETKEEPER,2.0,240.0,,Delhi Capitals,Sold
Ishant Sharma,5000000,BOWLER,0.5,60.0,,Delhi Capitals,Sold
Ripal Patel,Retained,ALL-ROUNDER,0.0,0.0,DC,Delhi Capitals,Sold
Pravin Dubey,Retained,ALL-ROUNDER,0.0,0.0,DC,Delhi Capitals,Sold
Rishabh Pant,Retained,WICKETKEEPER,0.0,0.0,DC,Delhi Capitals,Sold
Prithvi Shaw,Retained,BATSMAN,0.0,0.0,DC,Delhi Capitals,Sold
Syed Khaleel Ahmed,Retained,BOWLER,0.0,0.0,DC,Delhi Capitals,Sold
Yash Dhull,Retained,ALL-ROUNDER,0.0,0.0,DC,Delhi Capitals,Sold
Vicky Ostwal,Retained,ALL-ROUNDER,0.0,0.0,DC,Delhi Capitals,Sold
Mustafizur Rahman,Retained,BOWLER,0.0,0.0,DC,Delhi Capitals,Sold
Sarfaraz Khan,Retained,ALL-ROUNDER,0.0,0.0,DC,Delhi Capitals,Sold
Rovman Powell,Retained,BATSMAN,0.0,0.0,DC,Delhi Capitals,Sold
Lalit Yadav,Retained,ALL-ROUNDER,0.0,0.0,DC,Delhi Capitals,Sold
Axar Patel,Retained,ALL-ROUNDER,0.0,0.0,DC,Delhi Capitals,Sold
Anrich Nortje,Retained,BOWLER,0.0,0.0,DC,Delhi Capitals,Sold
Aman Khan (T),Retained,ALL-ROUNDER,0.0,0.0,DC,Delhi Capitals,Sold
Chetan Sakariya,Retained,BOWLER,0.0,0.0,DC,Delhi Capitals,Sold
David Warner,Retained,BATSMAN,0.0,0.0,DC,Delhi Capitals,Sold
Lungisani Ngidi,Retained,BOWLER,0.0,0.0,DC,Delhi Capitals,Sold
Kuldeep Yadav,Retained,BOWLER,0.0,0.0,DC,Delhi Capitals,Sold
Kamlesh Nagarkoti,Retained,ALL-ROUNDER,0.0,0.0,DC,Delhi Capitals,Sold
Mitchell Marsh,Retained,ALL-ROUNDER,0.0,0.0,DC,Delhi Capitals,Sold
Shakib Al Hasan,1500000,ALL-ROUNDER,1.5,180.0,,Kolkata Knight Riders,Sold
David Wiese,10000000,ALL-ROUNDER,1.0,120.0,,Kolkata Knight Riders,Sold
N. Jagadeesan,2000000,WICKETKEEPER,0.9,108.0,CSK,Kolkata Knight Riders,Sold
Vaibhav Arora,2000000,BOWLER,0.6,72.0,PBKS,Kolkata Knight Riders,Sold
Litton Das,5000000,WICKETKEEPER,0.5,60.0,,Kolkata Knight Riders,Sold
Mandeep Singh,5000000,BATSMAN,0.5,60.0,DC,Kolkata Knight Riders,Sold
Kulwant Khejroliya,2000000,BOWLER,0.2,24.0,,Kolkata Knight Riders,Sold
Suyash Sharma,2000000,BOWLER,0.2,24.0,,Kolkata Knight Riders,Sold
Sunil Narine,Retained,BOWLER,0.0,0.0,KKR,Kolkata Knight Riders,Sold
Shreyas Iyer,Retained,BATSMAN,0.0,0.0,KKR,Kolkata Knight Riders,Sold
Tim Southee,Retained,BOWLER,0.0,0.0,KKR,Kolkata Knight Riders,Sold
Umesh Yadav,Retained,BOWLER,0.0,0.0,KKR,Kolkata Knight Riders,Sold
Varun Chakaravarthy,Retained,BOWLER,0.0,0.0,KKR,Kolkata Knight Riders,Sold
Shardul Thakur (T),Retained,BOWLER,0.0,0.0,KKR,Kolkata Knight Riders,Sold
Venkatesh Iyer,Retained,ALL-ROUNDER,0.0,0.0,KKR,Kolkata Knight Riders,Sold
Harshit Rana,Retained,BOWLER,0.0,0.0,KKR,Kolkata Knight Riders,Sold
Anukul Roy,Retained,ALL-ROUNDER,0.0,0.0,KKR,Kolkata Knight Riders,Sold
Andre Russell,Retained,ALL-ROUNDER,0.0,0.0,KKR,Kolkata Knight Riders,Sold
Lockie Ferguson (T),Retained,BOWLER,0.0,0.0,KKR,Kolkata Knight Riders,Sold
Nitish Rana,Retained,ALL-ROUNDER,0.0,0.0,KKR,Kolkata Knight Riders,Sold
Rahmanullah Gurbaz (T),Retained,WICKETKEEPER,0.0,0.0,KKR,Kolkata Knight Riders,Sold
Rinku Singh,Retained,BATSMAN,0.0,0.0,KKR,Kolkata Knight Riders,Sold
Sam Curran,20000000,ALL-ROUNDER,18.5,2220.0,,Punjab Super Kings,Sold
Sikandar Raza,5000000,ALL-ROUNDER,0.5,60.0,,Punjab Super Kings,Sold
Harpreet Bhatia,2000000,BATSMAN,0.4,48.0,,Punjab Super Kings,Sold
Mohit Rathee,2000000,ALL-ROUNDER,0.2,24.0,,Punjab Super Kings,Sold
Vidwath Kaverappa,2000000,BOWLER,0.2,24.0,,Punjab Super Kings,Sold
Shivam Singh,5000000,WICKETKEEPER,0.2,24.0,,Punjab Super Kings,Sold
Liam Livingstone,Retained,ALL-ROUNDER,0.0,0.0,PBKS,Punjab Super Kings,Sold
Baltej Singh Dhanda,Retained,BOWLER,0.0,0.0,PBKS,Punjab Super Kings,Sold
Atharva Taide,Retained,ALL-ROUNDER,0.0,0.0,PBKS,Punjab Super Kings,Sold
Bhanuka Rajapakse,Retained,BATSMAN,0.0,0.0,PBKS,Punjab Super Kings,Sold
Jitesh Sharma,Retained,WICKETKEEPER,0.0,0.0,PBKS,Punjab Super Kings,Sold
Nathan Ellis,Retained,BOWLER,0.0,0.0,PBKS,Punjab Super Kings,Sold
Jonny Bairstow,Retained,WICKETKEEPER,0.0,0.0,PBKS,Punjab Super Kings,Sold
Kagiso Rabada,Retained,BOWLER,0.0,0.0,PBKS,Punjab Super Kings,Sold
Harpreet Brar,Retained,ALL-ROUNDER,0.0,0.0,PBKS,Punjab Super Kings,Sold
Shahrukh Khan,Retained,ALL-ROUNDER,0.0,0.0,PBKS,Punjab Super Kings,Sold
Shikhar Dhawan,Retained,BATSMAN,0.0,0.0,PBKS,Punjab Super Kings,Sold
Rahul Chahar,Retained,BOWLER,0.0,0.0,PBKS,Punjab Super Kings,Sold
Arshdeep Singh,Retained,BOWLER,0.0,0.0,PBKS,Punjab Super Kings,Sold
Prabhsimran Singh,Retained,WICKETKEEPER,0.0,0.0,PBKS,Punjab Super Kings,Sold
Raj Angad Bawa,Retained,ALL-ROUNDER,0.0,0.0,PBKS,Punjab Super Kings,Sold
Rishi Dhawan,Retained,ALL-ROUNDER,0.0,0.0,PBKS,Punjab Super Kings,Sold
Nicholas Pooran,20000000,WICKETKEEPER,16.0,1920.0,SRH,Lucknow Super Giants,Sold
Daniel Sams,7500000,ALL-ROUNDER,0.75,90.0,MI,Lucknow Super Giants,Sold
Jaydev Unadkat,5000000,BOWLER,0.5,60.0,MI,Lucknow Super Giants,Sold
Naveen Ul Haq,5000000,BOWLER,0.5,60.0,,Lucknow Super Giants,Sold
Amit Mishra,5000000,BOWLER,0.5,60.0,,Lucknow Super Giants,Sold
Romario Shepherd,5000000,ALL-ROUNDER,0.5,60.0,SRH,Lucknow Super Giants,Sold
Yash Thakur,2000000,BOWLER,0.45,54.0,,Lucknow Super Giants,Sold
Swapnil Singh,2000000,ALL-ROUNDER,0.2,24.0,,Lucknow Super Giants,Sold
Yudhvir Charak,2000000,ALL-ROUNDER,0.2,24.0,,Lucknow Super Giants,Sold
Prerak Mankad,2000000,ALL-ROUNDER,0.2,24.0,PBKS,Lucknow Super Giants,Sold
Mark Wood,Retained,BOWLER,0.0,0.0,LSG,Lucknow Super Giants,Sold
Marcus Stoinis,Retained,ALL-ROUNDER,0.0,0.0,LSG,Lucknow Super Giants,Sold
Mayank Yadav,Retained,BOWLER,0.0,0.0,LSG,Lucknow Super Giants,Sold
Mohsin Khan,Retained,BOWLER,0.0,0.0,LSG,Lucknow Super Giants,Sold
Quinton De Kock,Retained,WICKETKEEPER,0.0,0.0,LSG,Lucknow Super Giants,Sold
Manan Vohra,Retained,BATSMAN,0.0,0.0,LSG,Lucknow Super Giants,Sold
Ravi Bishnoi,Retained,BOWLER,0.0,0.0,LSG,Lucknow Super Giants,Sold
Deepak Hooda,Retained,ALL-ROUNDER,0.0,0.0,LSG,Lucknow Super Giants,Sold
Ayush Badoni,Retained,ALL-ROUNDER,0.0,0.0,LSG,Lucknow Super Giants,Sold
Avesh Khan,Retained,BOWLER,0.0,0.0,LSG,Lucknow Super Giants,Sold
K. Gowtham,Retained,ALL-ROUNDER,0.0,0.0,LSG,Lucknow Super Giants,Sold
Karan Sharma,Retained,ALL-ROUNDER,0.0,0.0,LSG,Lucknow Super Giants,Sold
Krunal Pandya,Retained,ALL-ROUNDER,0.0,0.0,LSG,Lucknow Super Giants,Sold
KL Rahul,Retained,BATSMAN,0.0,0.0,LSG,Lucknow Super Giants,Sold
Kyle Mayers,Retained,ALL-ROUNDER,0.0,0.0,LSG,Lucknow Super Giants,Sold
Cameron Green,20000000,ALL-ROUNDER,17.5,2100.0,,Mumbai Indians,Sold
Jhye Richardson,1500000,BOWLER,1.5,180.0,,Mumbai Indians,Sold
Piyush Chawla,5000000,BOWLER,0.5,60.0,,Mumbai Indians,Sold
Raghav Goyal,2000000,BOWLER,0.2,24.0,,Mumbai Indians,Sold
Shams Mulani,2000000,ALL-ROUNDER,0.2,24.0,,Mumbai Indians,Sold
Nehal Wadhera,2000000,ALL-ROUNDER,0.2,24.0,,Mumbai Indians,Sold
Vishnu Vinod,2000000,WICKETKEEPER,0.2,24.0,SRH,Mumbai Indians,Sold
Duan Jansen,2000000,ALL-ROUNDER,0.2,24.0,,Mumbai Indians,Sold
Ramandeep Singh,Retained,ALL-ROUNDER,0.0,0.0,MI,Mumbai Indians,Sold
N. Tilak Varma,Retained,ALL-ROUNDER,0.0,0.0,MI,Mumbai Indians,Sold
Mohd. Arshad Khan,Retained,ALL-ROUNDER,0.0,0.0,MI,Mumbai Indians,Sold
Rohit Sharma,Retained,BATSMAN,0.0,0.0,MI,Mumbai Indians,Sold
Suryakumar Yadav,Retained,BATSMAN,0.0,0.0,MI,Mumbai Indians,Sold
Kumar Kartikeya Singh,Retained,ALL-ROUNDER,0.0,0.0,MI,Mumbai Indians,Sold
Tristan Stubbs*,Retained,WICKETKEEPER,0.0,0.0,MI,Mumbai Indians,Sold
Tim David,Retained,ALL-ROUNDER,0.0,0.0,MI,Mumbai Indians,Sold
Hrithik Shokeen,Retained,ALL-ROUNDER,0.0,0.0,MI,Mumbai Indians,Sold
Arjun Tendulkar,Retained,ALL-ROUNDER,0.0,0.0,MI,Mumbai Indians,Sold
Akash Madhwal,Retained,BOWLER,0.0,0.0,MI,Mumbai Indians,Sold
Dewald Brevis,Retained,BATSMAN,0.0,0.0,MI,Mumbai Indians,Sold
Ishan Kishan,Retained,WICKETKEEPER,0.0,0.0,MI,Mumbai Indians,Sold
Jasprit Bumrah,Retained,BOWLER,0.0,0.0,MI,Mumbai Indians,Sold
Jason Behrendorff (T),Retained,BOWLER,0.0,0.0,MI,Mumbai Indians,Sold
Jofra Archer,Retained,ALL-ROUNDER,0.0,0.0,MI,Mumbai Indians,Sold
Will Jacks,1500000,BATSMAN,3.2,384.0,,Royal Challengers Bangalore,Sold
Reece Topley,7500000,BOWLER,1.9,228.0,,Royal Challengers Bangalore,Sold
Rajan Kumar,2000000,BOWLER,0.7,84.0,,Royal Challengers Bangalore,Sold
Avinash Singh,2000000,BOWLER,0.6,72.0,,Royal Challengers Bangalore,Sold
Manoj Bhandage,2000000,ALL-ROUNDER,0.2,24.0,,Royal Challengers Bangalore,Sold
Sonu Yadav,2000000,ALL-ROUNDER,0.2,24.0,,Royal Challengers Bangalore,Sold
Himanshu Sharma,2000000,BOWLER,0.2,24.0,,Royal Challengers Bangalore,Sold
Rajat Patidar,Retained,BATSMAN,0.0,0.0,RCB,Royal Challengers Bangalore,Sold
Mahipal Lomror,Retained,BOWLER,0.0,0.0,RCB,Royal Challengers Bangalore,Sold
Shahbaz Ahamad,Retained,ALL-ROUNDER,0.0,0.0,RCB,Royal Challengers Bangalore,Sold
Mohammed Siraj,Retained,BOWLER,0.0,0.0,RCB,Royal Challengers Bangalore,Sold
Wanindu Hasaranga,Retained,ALL-ROUNDER,0.0,0.0,RCB,Royal Challengers Bangalore,Sold
Karn Sharma,Retained,BOWLER,0.0,0.0,RCB,Royal Challengers Bangalore,Sold
Virat Kohli,Retained,BATSMAN,0.0,0.0,RCB,Royal Challengers Bangalore,Sold
Suyash Prabhudessai,Retained,ALL-ROUNDER,0.0,0.0,RCB,Royal Challengers Bangalore,Sold
Siddharth Kaul,Retained,BOWLER,0.0,0.0,RCB,Royal Challengers Bangalore,Sold
Finn Allen,Retained,BATSMAN,0.0,0.0,RCB,Royal Challengers Bangalore,Sold
David Willey,Retained,ALL-ROUNDER,0.0,0.0,RCB,Royal Challengers Bangalore,Sold
Anuj Rawat,Retained,WICKETKEEPER,0.0,0.0,RCB,Royal Challengers Bangalore,Sold
Akash Deep,Retained,BOWLER,0.0,0.0,RCB,Royal Challengers Bangalore,Sold
Dinesh Karthik,Retained,WICKETKEEPER,0.0,0.0,RCB,Royal Challengers Bangalore,Sold
Faf Du Plessis,Retained,BATSMAN,0.0,0.0,RCB,Royal Challengers Bangalore,Sold
Harshal Patel,Retained,ALL-ROUNDER,0.0,0.0,RCB,Royal Challengers Bangalore,Sold
Glenn Maxwell,Retained,ALL-ROUNDER,0.0,0.0,RCB,Royal Challengers Bangalore,Sold
Josh Hazlewood,Retained,BOWLER,0.0,0.0,RCB,Royal Challengers Bangalore,Sold
Jason Holder,20000000,ALL-ROUNDER,5.75,690.0,LSG,Rajasthan Royals,Sold
Adam Zampa,1500000,BOWLER,1.5,180.0,,Rajasthan Royals,Sold
Joe Root,10000000,BATSMAN,1.0,120.0,,Rajasthan Royals,Sold
Donovan Ferreira,2000000,WICKETKEEPER,0.5,60.0,,Rajasthan Royals,Sold
K.M. Asif,3000000,BOWLER,0.3,36.0,CSK,Rajasthan Royals,Sold
Kunal Rathore,2000000,WICKETKEEPER,0.2,24.0,,Rajasthan Royals,Sold
Abdul P A,2000000,ALL-ROUNDER,0.2,24.0,,Rajasthan Royals,Sold
Akash Vashisht,2000000,ALL-ROUNDER,0.2,24.0,,Rajasthan Royals,Sold
Murugan Ashwin,2000000,BOWLER,0.2,24.0,MI,Rajasthan Royals,Sold
Sanju Samson,Retained,WICKETKEEPER,0.0,0.0,RR,Rajasthan Royals,Sold
Riyan Parag,Retained,ALL-ROUNDER,0.0,0.0,RR,Rajasthan Royals,Sold
R. Ashwin,Retained,ALL-ROUNDER,0.0,0.0,RR,Rajasthan Royals,Sold
Shimron Hetmyer,Retained,BATSMAN,0.0,0.0,RR,Rajasthan Royals,Sold
Trent Boult,Retained,BOWLER,0.0,0.0,RR,Rajasthan Royals,Sold
Prasidh Krishna,Retained,BOWLER,0.0,0.0,RR,Rajasthan Royals,Sold
Yuzvendra Chahal,Retained,BOWLER,0.0,0.0,RR,Rajasthan Royals,Sold
Yashasvi Jaiswal,Retained,BATSMAN,0.0,0.0,RR,Rajasthan Royals,Sold
K.C Cariappa,Retained,BOWLER,0.0,0.0,RR,Rajasthan Royals,Sold
Dhruv Jurel,Retained,WICKETKEEPER,0.0,0.0,RR,Rajasthan Royals,Sold
Devdutt Padikkal,Retained,BATSMAN,0.0,0.0,RR,Rajasthan Royals,Sold
Jos Buttler,Retained,WICKETKEEPER,0.0,0.0,RR,Rajasthan Royals,Sold
Kuldeep Sen,Retained,BOWLER,0.0,0.0,RR,Rajasthan Royals,Sold
Navdeep Saini,Retained,BOWLER,0.0,0.0,RR,Rajasthan Royals,Sold
Kuldip Yadav,Retained,BOWLER,0.0,0.0,RR,Rajasthan Royals,Sold
Obed Mccoy,Retained,BOWLER,0.0,0.0,RR,Rajasthan Royals,Sold
Harry Brook,15000000,BATSMAN,13.25,1590.0,,Sunrisers Hyderabad,Sold
Mayank Agarwal,10000000,BATSMAN,8.25,990.0,PBKS,Sunrisers Hyderabad,Sold
Heinrich Klaasen,10000000,WICKETKEEPER,5.25,630.0,,Sunrisers Hyderabad,Sold
Vivrant Sharma,2000000,ALL-ROUNDER,2.6,312.0,,Sunrisers Hyderabad,Sold
Adil Rashid,20000000,BOWLER,2.0,240.0,,Sunrisers Hyderabad,Sold
Mayank Dagar,2000000,ALL-ROUNDER,1.8,216.0,,Sunrisers Hyderabad,Sold
Akeal Hosein,10000000,BOWLER,1.0,120.0,,Sunrisers Hyderabad,Sold
Mayank Markande,5000000,BOWLER,0.5,60.0,MI,Sunrisers Hyderabad,Sold
Upendra Singh Yadav,2000000,WICKETKEEPER,0.25,30.0,,Sunrisers Hyderabad,Sold
Nitish Kumar Reddy,2000000,WICKETKEEPER,0.2,24.0,,Sunrisers Hyderabad,Sold
Samarth Vyas,2000000,ALL-ROUNDER,0.2,24.0,,Sunrisers Hyderabad,Sold
Anmolpreet Singh,2000000,BATSMAN,0.2,24.0,MI,Sunrisers Hyderabad,Sold
Sanvir Singh,2000000,ALL-ROUNDER,0.2,24.0,,Sunrisers Hyderabad,Sold
Marco Jansen,Retained,ALL-ROUNDER,0.0,0.0,SRH,Sunrisers Hyderabad,Sold
Rahul Tripathi,Retained,BATSMAN,0.0,0.0,SRH,Sunrisers Hyderabad,Sold
Umran Malik,Retained,BOWLER,0.0,0.0,SRH,Sunrisers Hyderabad,Sold
Washington Sundar,Retained,ALL-ROUNDER,0.0,0.0,SRH,Sunrisers Hyderabad,Sold
Kartik Tyagi,Retained,BOWLER,0.0,0.0,SRH,Sunrisers Hyderabad,Sold
T. Natarajan,Retained,BOWLER,0.0,0.0,SRH,Sunrisers Hyderabad,Sold
Fazalhaq Farooqi,Retained,BOWLER,0.0,0.0,SRH,Sunrisers Hyderabad,Sold
Abdul Samad,Retained,BATSMAN,0.0,0.0,SRH,Sunrisers Hyderabad,Sold
Abhishek Sharma,Retained,ALL-ROUNDER,0.0,0.0,SRH,Sunrisers Hyderabad,Sold
Aiden Markram,Retained,BATSMAN,0.0,0.0,SRH,Sunrisers Hyderabad,Sold
Bhuvneshwar Kumar,Retained,BOWLER,0.0,0.0,SRH,Sunrisers Hyderabad,Sold
Glenn Phillips,Retained,WICKETKEEPER,0.0,0.0,SRH,Sunrisers Hyderabad,Sold
Tom Banton,20000000,WICKETKEEPER,,,,Unsold,Unsold
Kusal Mendis,5000000,WICKETKEEPER,,,,Unsold,Unsold
Chris Jordan,20000000,BOWLER,,,CSK,Unsold,Unsold
Adam Milne,20000000,BOWLER,,,CSK,Unsold,Unsold
Mujeeb Rahman,10000000,BOWLER,,,,Unsold,Unsold
Tabraiz Shamsi,10000000,BOWLER,,,,Unsold,Unsold
Shubham Khajuria,2000000,BATSMAN,,,,Unsold,Unsold
Rohan Kunnummal,2000000,BATSMAN,,,,Unsold,Unsold
Chethan L.R.,2000000,BATSMAN,,,,Unsold,Unsold
Himmat Singh,2000000,BATSMAN,,,,Unsold,Unsold
Corbin Bosch,2000000,ALL-ROUNDER,,,RR,Unsold,Unsold
Priyam Garg,2000000,ALL-ROUNDER,,,SRH,Unsold,Unsold
Saurabh Kumar,2000000,ALL-ROUNDER,,,,Unsold,Unsold
Shashank Singh,2000000,ALL-ROUNDER,,,SRH,Unsold,Unsold
Mohammed Azharuddeen,2000000,WICKETKEEPER,,,,Unsold,Unsold
Dinesh Bana,2000000,WICKETKEEPER,,,,Unsold,Unsold
Abhimanyu Easwaran,2000000,WICKETKEEPER,,,,Unsold,Unsold
Sumit Kumar,2000000,WICKETKEEPER,,,,Unsold,Unsold
Lance Morris,3000000,BOWLER,,,,Unsold,Unsold
Mujtaba Yousuf,2000000,BOWLER,,,,Unsold,Unsold
Chintal Gandhi,2000000,BOWLER,,,,Unsold,Unsold
Shreyas Gopal,2000000,BOWLER,,,SRH,Unsold,Unsold
S Midhun,2000000,BOWLER,,,,Unsold,Unsold
Izharulhuq Naveed,2000000,BOWLER,,,,Unsold,Unsold
Travis Head,20000000,BATSMAN,,,,Unsold,Unsold
Dawid Malan,1500000,BATSMAN,,,,Unsold,Unsold
Sherfane Rutherford,1500000,BATSMAN,,,RCB,Unsold,Unsold
Paul Stirling,5000000,BATSMAN,,,,Unsold,Unsold
Rassie Van Der Dussen,20000000,BATSMAN,,,RR,Unsold,Unsold
Daryl Mitchell,10000000,ALL-ROUNDER,,,RR,Unsold,Unsold
Mohammad Nabi,10000000,ALL-ROUNDER,,,KKR,Unsold,Unsold
Jimmy Neesham,20000000,ALL-ROUNDER,,,RR,Unsold,Unsold
Wayne Parnell,7500000,ALL-ROUNDER,,,,Unsold,Unsold
Dasun Shanaka,5000000,ALL-ROUNDER,,,,Unsold,Unsold
Taskin Ahmed,5000000,BOWLER,,,,Unsold,Unsold
Dushmanta Chameera,5000000,BOWLER,,,LSG,Unsold,Unsold
Riley Meredith,1500000,BOWLER,,,MI,Unsold,Unsold
Blessing Muzarabani,5000000,BOWLER,,,,Unsold,Unsold
Sandeep Sharma,5000000,BOWLER,,,PBKS,Unsold,Unsold
Johnson Charles,5000000,WICKETKEEPER,,,,Unsold,Unsold
Andre Fletcher,5000000,WICKETKEEPER,,,,Unsold,Unsold
Shai Hope,10000000,WICKETKEEPER,,,,Unsold,Unsold
Tom Latham,10000000,WICKETKEEPER,,,,Unsold,Unsold
Joshua Philippe,7500000,WICKETKEEPER,,,,Unsold,Unsold
Lorcan Tucker,5000000,WICKETKEEPER,,,,Unsold,Unsold
Shahbaz Nadeem,5000000,BOWLER,,,LSG,Unsold,Unsold
Ish Sodhi,7500000,BOWLER,,,,Unsold,Unsold
Sachin Baby,2000000,BATSMAN,,,,Unsold,Unsold
Ashwin Hebbar,2000000,BATSMAN,,,DC,Unsold,Unsold
Pukhraj Mann,2000000,BATSMAN,,,,Unsold,Unsold
Akshat Raghuwanshi,2000000,BATSMAN,,,,Unsold,Unsold
Himanshu Rana,2000000,BATSMAN,,,,Unsold,Unsold
Shoun Roger,2000000,BATSMAN,,,,Unsold,Unsold
Virat Singh,2000000,BATSMAN,,,,Unsold,Unsold
Will Smeed,4000000,BATSMAN,,,,Unsold,Unsold
Apoorv Wankhade,3000000,BATSMAN,,,,Unsold,Unsold
Gerald Coetzee,2000000,ALL-ROUNDER,,,,Unsold,Unsold
Evan Jones,2000000,ALL-ROUNDER,,,,Unsold,Unsold
Abid Mushtaq,2000000,ALL-ROUNDER,,,,Unsold,Unsold
Suryansh Shedge,2000000,ALL-ROUNDER,,,,Unsold,Unsold
Jagadeesha Suchith,2000000,ALL-ROUNDER,,,SRH,Unsold,Unsold
Ricky Bhui,2000000,WICKETKEEPER,,,,Unsold,Unsold
Baba Indrajith,2000000,WICKETKEEPER,,,KKR,Unsold,Unsold
Sheldon Jackson,2000000,WICKETKEEPER,,,KKR,Unsold,Unsold
Aryan Juyal,2000000,WICKETKEEPER,,,MI,Unsold,Unsold
Kirant Shinde,2000000,WICKETKEEPER,,,,Unsold,Unsold
Luvnith Sisodia,2000000,WICKETKEEPER,,,RCB,Unsold,Unsold
Vishnu Solanki,2000000,WICKETKEEPER,,,,Unsold,Unsold
Aniket Choudhary,3000000,BOWLER,,,,Unsold,Unsold
Ravi Kumar,2000000,BOWLER,,,,Unsold,Unsold
Sushant Mishra,2000000,BOWLER,,,SRH,Unsold,Unsold
Arzan Nagwaswalla,2000000,BOWLER,,,,Unsold,Unsold
Ishan Porel,2000000,BOWLER,,,PBKS,Unsold,Unsold
Akash Singh,2000000,BOWLER,,,,Unsold,Unsold
Basil Thampi,2000000,BOWLER,,,MI,Unsold,Unsold
Paul Van Meekeren,2000000,BOWLER,,,,Unsold,Unsold
Vyshak Vijay Kumar,2000000,BOWLER,,,,Unsold,Unsold
S.Ajith Ram,2000000,BOWLER,,,,Unsold,Unsold
Satyajeet Bachhav,2000000,BOWLER,,,,Unsold,Unsold
Tejas Baroka,2000000,BOWLER,,,RR,Unsold,Unsold
Yuvraj Chudasama,2000000,BOWLER,,,,Unsold,Unsold
Peter Hatzoglou,2000000,BOWLER,,,,Unsold,Unsold
Karthik Meiyappan,2000000,BOWLER,,,,Unsold,Unsold
Shivam Sharma,2000000,BOWLER,,,,Unsold,Unsold
Reeza Hendricks,5000000,BATSMAN,,,,Unsold,Unsold
Christiaan Jonker,5000000,BATSMAN,,,,Unsold,Unsold
Brandon King,5000000,BATSMAN,,,,Unsold,Unsold
Chris Lynn,20000000,BATSMAN,,,,Unsold,Unsold
Karun Nair,5000000,BATSMAN,,,RR,Unsold,Unsold
Pathum Nissaanka,5000000,BATSMAN,,,,Unsold,Unsold
Jason Roy,1500000,BATSMAN,,,GT,Unsold,Unsold
Gurkeerat Singh,5000000,BATSMAN,,,GT,Unsold,Unsold
Harry Tector,5000000,BATSMAN,,,,Unsold,Unsold
Najibullah Zadran,5000000,BATSMAN,,,,Unsold,Unsold
Sean Abbott,1500000,ALL-ROUNDER,,,SRH,Unsold,Unsold
Qais Ahmad,5000000,ALL-ROUNDER,,,,Unsold,Unsold
Charith Asalanka,5000000,ALL-ROUNDER,,,,Unsold,Unsold
Michael Bracewell,10000000,ALL-ROUNDER,,,,Unsold,Unsold
Dominic Drakes,5000000,ALL-ROUNDER,,,GT,Unsold,Unsold
George Garton,5000000,ALL-ROUNDER,,,,Unsold,Unsold
Chamika Karunaratne,5000000,ALL-ROUNDER,,,KKR,Unsold,Unsold
Jamie Overton,20000000,ALL-ROUNDER,,,,Unsold,Unsold
Sandeep Warrier,5000000,ALL-ROUNDER,,,,Unsold,Unsold
Ben Dwarshuis,5000000,BOWLER,,,,Unsold,Unsold
Richard Gleeson,5000000,BOWLER,,,,Unsold,Unsold
Lahiru Kumara,5000000,BOWLER,,,,Unsold,Unsold
Dilshan Madushanka,5000000,BOWLER,,,,Unsold,Unsold
Billy Stanlake,5000000,BOWLER,,,,Unsold,Unsold
Andrew Tye,10000000,BOWLER,,,LSG,Unsold,Unsold
Luke Wood,10000000,BOWLER,,,,Unsold,Unsold
Priyansh Arya,2000000,BATSMAN,,,,Unsold,Unsold
Matthew Breetzke,2000000,BATSMAN,,,,Unsold,Unsold
Shivam Chauhan,2000000,BATSMAN,,,,Unsold,Unsold
Rahul Gahlaut,2000000,BATSMAN,,,,Unsold,Unsold
Sudip Gharami,2000000,BATSMAN,,,,Unsold,Unsold
C. Hari Nishaanth,2000000,BATSMAN,,,CSK,Unsold,Unsold
Amandeep Khare,2000000,BATSMAN,,,,Unsold,Unsold
Bhanu Pania,2000000,BATSMAN,,,,Unsold,Unsold
Ekant Sen,2000000,BATSMAN,,,,Unsold,Unsold
Akash Singh,2000000,BATSMAN,,,,Unsold,Unsold
Himanshu Bisht,2000000,ALL-ROUNDER,,,,Unsold,Unsold
Mickil Jaiswal,2000000,ALL-ROUNDER,,,,Unsold,Unsold
G.Aniketh Reddy,2000000,ALL-ROUNDER,,,,Unsold,Unsold
Atit Sheth,2000000,ALL-ROUNDER,,,,Unsold,Unsold
M. Siddharth,2000000,ALL-ROUNDER,,,,Unsold,Unsold
Tanay Thyagarajann,2000000,ALL-ROUNDER,,,,Unsold,Unsold
Sumeet Verma,2000000,ALL-ROUNDER,,,,Unsold,Unsold
Sanjay Yadav,2000000,ALL-ROUNDER,,,MI,Unsold,Unsold
Ajitesh Guruswamy,2000000,WICKETKEEPER,,,,Unsold,Unsold
Yash Kothari,2000000,WICKETKEEPER,,,,Unsold,Unsold
Suresh Kumar,2000000,WICKETKEEPER,,,,Unsold,Unsold
Kumar Kushagra,2000000,WICKETKEEPER,,,,Unsold,Unsold
Anmol Malhotra,2000000,WICKETKEEPER,,,,Unsold,Unsold
Robin Minz,2000000,WICKETKEEPER,,,,Unsold,Unsold
Agniv Pan,2000000,WICKETKEEPER,,,,Unsold,Unsold
Priyesh Patel,2000000,WICKETKEEPER,,,,Unsold,Unsold
Mitesh Patel,2000000,WICKETKEEPER,,,,Unsold,Unsold
Abishek Porel,2000000,WICKETKEEPER,,,,Unsold,Unsold
Bharat Sharma,2000000,WICKETKEEPER,,,,Unsold,Unsold
Vivek Singh,2000000,WICKETKEEPER,,,,Unsold,Unsold
Abhijeet Tomar,2000000,WICKETKEEPER,,,KKR,Unsold,Unsold
Basit Bashir,2000000,BOWLER,,,,Unsold,Unsold
Nandre Burger,2000000,BOWLER,,,,Unsold,Unsold
Rasikh Dar,2000000,BOWLER,,,KKR,Unsold,Unsold
Sakib Hussain,2000000,BOWLER,,,,Unsold,Unsold
Waseem Khanday,2000000,BOWLER,,,,Unsold,Unsold
Ravi Kiran Majeti,2000000,BOWLER,,,,Unsold,Unsold
Lukman Hussain Meriwala,2000000,BOWLER,,,,Unsold,Unsold
Anuj Raj,2000000,BOWLER,,,,Unsold,Unsold
Ankit Singh Rajpoot,2000000,BOWLER,,,LSG,Unsold,Unsold
Prince Yadav,2000000,BOWLER,,,,Unsold,Unsold
Prithviraj Yarra,2000000,BOWLER,,,,Unsold,Unsold
Mushtaq Beg,2000000,BOWLER,,,,Unsold,Unsold
Rocky Bhasker,2000000,BOWLER,,,,Unsold,Unsold
Sanjith Devaraj,2000000,BOWLER,,,,Unsold,Unsold
Allah Mohammad,2000000,BOWLER,,,,Unsold,Unsold
Lalit Mohan,2000000,BOWLER,,,,Unsold,Unsold
Bhuwan Rohilla,2000000,BOWLER,,,,Unsold,Unsold
Aman Sharma,2000000,BOWLER,,,,Unsold,Unsold
Manav Suthar,2000000,BOWLER,,,,Unsold,Unsold
Tom Curran,7500000,ALL-ROUNDER,,,,Unsold,Unsold
Moises Henriques,10000000,ALL-ROUNDER,,,,Unsold,Unsold
Afif Hossain,5000000,ALL-ROUNDER,,,,Unsold,Unsold
Scott Kuggeleijn,5000000,ALL-ROUNDER,,,,Unsold,Unsold
Sisanda Magala,5000000,ALL-ROUNDER,,,,Unsold,Unsold
Craig Overton,20000000,ALL-ROUNDER,,,,Unsold,Unsold
Darcy Short,7500000,ALL-ROUNDER,,,,Unsold,Unsold
Dhananjaya Silva,5000000,ALL-ROUNDER,,,,Unsold,Unsold
Dunith Wellalage,5000000,ALL-ROUNDER,,,,Unsold,Unsold
Varun Aaron,5000000,BOWLER,,,GT,Unsold,Unsold
Sheldon Cottrel,5000000,BOWLER,,,,Unsold,Unsold
Nathan Coulter-Nile,1500000,BOWLER,,,RR,Unsold,Unsold
Daryn Dupavillon,5000000,BOWLER,,,,Unsold,Unsold
Matt Henry,10000000,BOWLER,,,,Unsold,Unsold
Dhawal Kulkarni,5000000,BOWLER,,,,Unsold,Unsold
Tymal Mills,20000000,BOWLER,,,MI,Unsold,Unsold
David Payne,7500000,BOWLER,,,,Unsold,Unsold
Barinder Sran,5000000,BOWLER,,,,Unsold,Unsold
Glenton Stuurman,5000000,BOWLER,,,,Unsold,Unsold
Anirudh Balachander,2000000,BATSMAN,,,,Unsold,Unsold
Gourav Choudhary,2000000,BATSMAN,,,,Unsold,Unsold
Saurav Chuahan,2000000,BATSMAN,,,,Unsold,Unsold
Kumar Deobrat,2000000,BATSMAN,,,,Unsold,Unsold
Chirag Gandhi,2000000,BATSMAN,,,,Unsold,Unsold
Arman Jaffer,2000000,BATSMAN,,,,Unsold,Unsold
Madhav Kaushik,2000000,BATSMAN,,,,Unsold,Unsold
Priyank Panchal,2000000,BATSMAN,,,,Unsold,Unsold
Ayush Pandey,2000000,BATSMAN,,,,Unsold,Unsold
Rohan Patil,2000000,BATSMAN,,,,Unsold,Unsold
Sanjay Ramaswamy,2000000,BATSMAN,,,,Unsold,Unsold
Siddharth Yadav,2000000,BATSMAN,,,,Unsold,Unsold
Rehan Ahmed,4000000,ALL-ROUNDER,,,,Unsold,Unsold
Prayas Barman,2000000,ALL-ROUNDER,,,,Unsold,Unsold
Rahul Buddhi,2000000,ALL-ROUNDER,,,MI,Unsold,Unsold
Vaisakh Chandran,2000000,ALL-ROUNDER,,,,Unsold,Unsold
Writtick Chatterjee,2000000,ALL-ROUNDER,,,PBKS,Unsold,Unsold
Prashant Chopra,2000000,ALL-ROUNDER,,,,Unsold,Unsold
Harsh Dubey,2000000,ALL-ROUNDER,,,,Unsold,Unsold
Tanush Kotian,2000000,ALL-ROUNDER,,,,Unsold,Unsold
Ninad Rathva,2000000,ALL-ROUNDER,,,,Unsold,Unsold
B. Surya,2000000,ALL-ROUNDER,,,,Unsold,Unsold
Jordan Thompson,4000000,ALL-ROUNDER,,,,Unsold,Unsold
Shivank Vashisth,2000000,ALL-ROUNDER,,,,Unsold,Unsold
Ankush Bains,2000000,WICKETKEEPER,,,,Unsold,Unsold
Christopher Benjamin,2000000,WICKETKEEPER,,,,Unsold,Unsold
Connor Esterhuizen,2000000,WICKETKEEPER,,,,Unsold,Unsold
Mohd Arslan Khan,2000000,WICKETKEEPER,,,,Unsold,Unsold
Mamidi Krishna,2000000,WICKETKEEPER,,,,Unsold,Unsold
Fazil Makaya,2000000,WICKETKEEPER,,,,Unsold,Unsold
Akshdeep Nath,2000000,WICKETKEEPER,,,,Unsold,Unsold
Deepak Punia,2000000,WICKETKEEPER,,,,Unsold,Unsold
Ateev Saini,2000000,WICKETKEEPER,,,,Unsold,Unsold
Bipin Saurabh,2000000,WICKETKEEPER,,,,Unsold,Unsold
B.R. Sharath,2000000,WICKETKEEPER,,,,Unsold,Unsold
Yashovardhan Singh,2000000,WICKETKEEPER,,,,Unsold,Unsold
Lakshay Thareja,2000000,WICKETKEEPER,,,,Unsold,Unsold
Mohit Avasthi,2000000,BOWLER,,,,Unsold,Unsold
Ottneil Baartman,2000000,BOWLER,,,,Unsold,Unsold
Gurnoor Singh Brar,2000000,BOWLER,,,,Unsold,Unsold
Shahrukh Dar,2000000,BOWLER,,,,Unsold,Unsold
Thomas Helm,4000000,BOWLER,,,,Unsold,Unsold
Pankaj Jaswal,2000000,BOWLER,,,,Unsold,Unsold
Venkatesh Muralidhara,2000000,BOWLER,,,,Unsold,Unsold
Geet Puri,2000000,BOWLER,,,,Unsold,Unsold
E. Sanketh,2000000,BOWLER,,,,Unsold,Unsold
Ajay Sarkar,2000000,BOWLER,,,,Unsold,Unsold
Ashok Sharma,2000000,BOWLER,,,,Unsold,Unsold
Kanwar Singh,2000000,BOWLER,,,,Unsold,Unsold
Fabian Allen,5000000,ALL-ROUNDER,,,MI,Unsold,Unsold
Carlos Brathwaite,7500000,ALL-ROUNDER,,,,Unsold,Unsold
Roston Chase,10000000,ALL-ROUNDER,,,,Unsold,Unsold
Rahkeem Cornwall,10000000,ALL-ROUNDER,,,,Unsold,Unsold
Karim Janat,5000000,ALL-ROUNDER,,,,Unsold,Unsold
Keshav Maharaj,5000000,ALL-ROUNDER,,,,Unsold,Unsold
Pawan Negi,5000000,ALL-ROUNDER,,,,Unsold,Unsold
Keemo Paul,5000000,ALL-ROUNDER,,,,Unsold,Unsold
Shivam Chaudhary,2000000,ALL-ROUNDER,,,,Unsold,Unsold
Ashwin Das,2000000,ALL-ROUNDER,,,,Unsold,Unsold
James Fuller,4000000,ALL-ROUNDER,,,,Unsold,Unsold
Chirag Jani,2000000,ALL-ROUNDER,,,,Unsold,Unsold
Akshay Karnewar,2000000,ALL-ROUNDER,,,,Unsold,Unsold
Bhagmender Lather,2000000,ALL-ROUNDER,,,,Unsold,Unsold
Lone Muzaffar,2000000,ALL-ROUNDER,,,,Unsold,Unsold
Pulkit Narang,2000000,ALL-ROUNDER,,,,Unsold,Unsold
Rohit Rayudu,2000000,ALL-ROUNDER,,,,Unsold,Unsold
Sameer Rizvi,2000000,ALL-ROUNDER,,,,Unsold,Unsold
Tunish Sawkar,2000000,ALL-ROUNDER,,,,Unsold,Unsold
Auqib Dar,2000000,BOWLER,,,,Unsold,Unsold
Mukhtar Hussain,2000000,BOWLER,,,,Unsold,Unsold
Ashwani Kumar,2000000,BOWLER,,,,Unsold,Unsold
Hemant Kumar,2000000,BOWLER,,,,Unsold,Unsold
Nathan McAndrew,2000000,BOWLER,,,,Unsold,Unsold
Rajesh Mohanty,2000000,BOWLER,,,,Unsold,Unsold
Ravi Sharma,2000000,BOWLER,,,,Unsold,Unsold
Vikash Singh,2000000,BOWLER,,,,Unsold,Unsold
Ruben Trumpelmann,2000000,BOWLER,,,,Unsold,Unsold
Koushik Vasuki,2000000,BOWLER,,,,Unsold,Unsold
Vasu Vats,2000000,BOWLER,,,,Unsold,Unsold
Shubham Agrawal,2000000,ALL-ROUNDER,,,,Unsold,Unsold
Baba Aparajith,2000000,ALL-ROUNDER,,,,Unsold,Unsold
Anshul Kamboj,2000000,ALL-ROUNDER,,,,Unsold,Unsold
Azim Kazi,2000000,ALL-ROUNDER,,,,Unsold,Unsold
Dev Lakra,2000000,ALL-ROUNDER,,,,Unsold,Unsold
Jitender Pal,2000000,ALL-ROUNDER,,,,Unsold,Unsold
Ritwik Roy Chowdhury,2000000,ALL-ROUNDER,,,,Unsold,Unsold
Utkarsh Singh,2000000,ALL-ROUNDER,,,,Unsold,Unsold
Shubham Singh,2000000,ALL-ROUNDER,,,,Unsold,Unsold
Avneesh Sudha,2000000,ALL-ROUNDER,,,,Unsold,Unsold
Asad Jamil Ahmed,2000000,BOWLER,,,,Unsold,Unsold
Bandaru Ayyappa,2000000,BOWLER,,,,Unsold,Unsold
Aashish Bhatt,2000000,BOWLER,,,,Unsold,Unsold
McKenny Clarke,2000000,BOWLER,,,,Unsold,Unsold
Shubham Kapse,2000000,BOWLER,,,,Unsold,Unsold
Gourav Koul,2000000,BOWLER,,,,Unsold,Unsold
Raunak Kumar,2000000,BOWLER,,,,Unsold,Unsold
Trilok Nag,2000000,BOWLER,,,,Unsold,Unsold
Atal Bihari Rai,2000000,BOWLER,,,,Unsold,Unsold
Ramon Simmonds,2000000,BOWLER,,,,Unsold,Unsold
Rajeev Singh,2000000,BOWLER,,,,Unsold,Unsold
Mohd. Wasim,2000000,BOWLER,,,,Unsold,Unsold
Atharva Ankolekar,2000000,ALL-ROUNDER,,,,Unsold,Unsold
Khizar Dafedar,2000000,ALL-ROUNDER,,,,Unsold,Unsold
Naman Dhir,2000000,ALL-ROUNDER,,,,Unsold,Unsold
Sahil Dhiwan,2000000,ALL-ROUNDER,,,,Unsold,Unsold
Sampark Gupta,2000000,ALL-ROUNDER,,,,Unsold,Unsold
Jordan Hermann,2000000,ALL-ROUNDER,,,,Unsold,Unsold
Hayden Kerr,2000000,ALL-ROUNDER,,,,Unsold,Unsold
Salman Khan,2000000,ALL-ROUNDER,,,,Unsold,Unsold
Sairaj Patil,2000000,ALL-ROUNDER,,,,Unsold,Unsold
Divyaansh Saxena,2000000,ALL-ROUNDER,,,,Unsold,Unsold
Purnank Tyagi,2000000,ALL-ROUNDER,,,,Unsold,Unsold
Prince Yadav,2000000,ALL-ROUNDER,,,,Unsold,Unsold
Deepraj Gaonkar,2000000,ALL-ROUNDER,,,,Unsold,Unsold
Shubham Garhwal,2000000,ALL-ROUNDER,,,RR,Unsold,Unsold
Benny Howell,4000000,ALL-ROUNDER,,,PBKS,Unsold,Unsold
Deepesh Nailwal,2000000,ALL-ROUNDER,,,,Unsold,Unsold
Arjun Rapria,2000000,ALL-ROUNDER,,,,Unsold,Unsold
Shashwat Rawat,2000000,ALL-ROUNDER,,,,Unsold,Unsold
Sumit Ruikar,2000000,ALL-ROUNDER,,,,Unsold,Unsold
Shivam Sharma,2000000,ALL-ROUNDER,,,,Unsold,Unsold
Rajandeep Singh,2000000,ALL-ROUNDER,,,,Unsold,Unsold
Anunay Singh,2000000,ALL-ROUNDER,,,,Unsold,Unsold
Digvesh Singh,2000000,ALL-ROUNDER,,,,Unsold,Unsold
Pranshu Vijayran,2000000,ALL-ROUNDER,,,,Unsold,Unsold
Prerit Dutta,2000000,ALL-ROUNDER,,,,Unsold,Unsold
Ramakrishna Ghosh,2000000,ALL-ROUNDER,,,,Unsold,Unsold
Shubhang Hegde,2000000,ALL-ROUNDER,,,,Unsold,Unsold
Shamshuzama Kazi,2000000,ALL-ROUNDER,,,,Unsold,Unsold
Ayaz Khan,2000000,ALL-ROUNDER,,,,Unsold,Unsold
Amit Pachhara,2000000,ALL-ROUNDER,,,,Unsold,Unsold
Akul Pandove,2000000,ALL-ROUNDER,,,,Unsold,Unsold
Garv Sangwan,2000000,ALL-ROUNDER,,,,Unsold,Unsold
Shubham Sharma,2000000,ALL-ROUNDER,,,,Unsold,Unsold
Amit Yadav,2000000,ALL-ROUNDER,,,,Unsold,Unsold
Amit Ali,2000000,ALL-ROUNDER,,,,Unsold,Unsold
Rishabh Chauhan,2000000,ALL-ROUNDER,,,,Unsold,Unsold
Matthew Forde,2000000,ALL-ROUNDER,,,,Unsold,Unsold
Sammar Gajjar,2000000,ALL-ROUNDER,,,,Unsold,Unsold
Rajneesh Gurbani,2000000,ALL-ROUNDER,,,,Unsold,Unsold
Divyansh Joshi,2000000,ALL-ROUNDER,,,,Unsold,Unsold
Dhruv Patel,2000000,ALL-ROUNDER,,,,Unsold,Unsold
Jack Prestwidge,2000000,ALL-ROUNDER,,,,Unsold,Unsold
Aditya Sarvate,2000000,ALL-ROUNDER,,,,Unsold,Unsold
Sagar Solanki,2000000,ALL-ROUNDER,,,,Unsold,Unsold
Prenelan Subrayen,2000000,ALL-ROUNDER,,,,Unsold,Unsold
